true_label,mac
2,12:e5:97:52:88:78
2,12:e5:97:52:88:78
8,9a:50:97:25:4c:fa
8,9a:50:97:25:4c:fa
7,26:f7:45:2d:97:db
7,26:f7:45:2d:97:db
3,42:bf:13:db:ce:65
3,42:bf:13:db:ce:65
21,aa:b2:28:5c:12:a1
21,aa:b2:28:5c:12:a1
21,aa:b2:28:5c:12:a1
21,aa:b2:28:5c:12:a1
1,02:b0:2d:84:c5:f7
1,02:b0:2d:84:c5:f7
1,02:b0:2d:84:c5:f7
1,02:b0:2d:84:c5:f7
1,02:b0:2d:84:c5:f7
1,02:b0:2d:84:c5:f7
11,02:a8:21:b2:4e:26
11,02:a8:21:b2:4e:26
11,02:a8:21:b2:4e:26
11,02:a8:21:b2:4e:26
11,02:a8:21:b2:4e:26
7,ce:16:30:30:cd:48
7,ce:16:30:30:cd:48
4,5a:1b:05:7c:08:86
7,4e:b9:20:70:6e:9b
7,4e:b9:20:70:6e:9b
7,ae:38:61:03:dd:f5
25,02:00:00:00:00:00
25,02:00:00:00:00:00
25,02:00:00:00:00:00
25,02:00:00:00:00:00
25,02:00:00:00:00:00
25,02:00:00:00:00:00
25,02:00:00:00:00:00
25,02:00:00:00:00:00
25,02:00:00:00:00:00
14,ca:af:d2:9b:38:4b
14,ca:af:d2:9b:38:4b
14,ca:af:d2:9b:38:4b
14,ca:af:d2:9b:38:4b
14,ca:af:d2:9b:38:4b
14,ca:af:d2:9b:38:4b
14,ca:af:d2:9b:38:4b
19,82:ae:bc:cc:ff:7d
19,82:ae:bc:cc:ff:7d
19,82:ae:bc:cc:ff:7d
19,82:ae:bc:cc:ff:7d
21,4a:24:19:20:b1:12
21,4a:24:19:20:b1:12
21,4a:24:19:20:b1:12
21,4a:24:19:20:b1:12
7,da:54:70:36:7c:d3
7,da:54:70:36:7c:d3
11,f6:e9:25:b5:70:68
11,f6:e9:25:b5:70:68
11,f6:e9:25:b5:70:68
21,2a:00:c9:57:e4:c4
21,2a:00:c9:57:e4:c4
2,3e:49:46:98:b7:5e
2,3e:49:46:98:b7:5e
7,c2:d8:f2:d1:f8:80
7,c2:d8:f2:d1:f8:80
20,a6:b0:f2:7f:48:0e
20,a6:b0:f2:7f:48:0e
22,d2:a7:fc:a6:e6:12
22,d2:a7:fc:a6:e6:12
22,ba:6f:f3:01:0a:b4
22,ba:6f:f3:01:0a:b4
22,7a:7e:11:71:3f:68
22,7a:7e:11:71:3f:68
22,e6:65:b7:28:fa:3f
22,e6:65:b7:28:fa:3f
22,3a:a5:8a:c7:4f:ad
22,3a:a5:8a:c7:4f:ad
22,82:4f:c6:d5:01:a0
22,82:4f:c6:d5:01:a0
22,e6:30:2e:71:ba:7a
22,e6:30:2e:71:ba:7a
22,62:7f:67:d8:95:16
22,62:7f:67:d8:95:16
22,e2:c2:78:fb:6f:56
22,e2:c2:78:fb:6f:56
23,d6:be:c4:55:82:aa
13,78:62:56:e1:d9:6e
13,78:62:56:e1:d9:6e
13,78:62:56:e1:d9:6e
13,78:62:56:e1:d9:6e
13,78:62:56:e1:d9:6e
13,78:62:56:e1:d9:6e
13,78:62:56:e1:d9:6e
13,78:62:56:e1:d9:6e
13,78:62:56:e1:d9:6e
22,72:66:2b:d8:ed:99
22,72:66:2b:d8:ed:99
22,52:c2:0a:3b:1e:2f
22,52:c2:0a:3b:1e:2f
22,22:44:7a:00:ad:dd
22,22:44:7a:00:ad:dd
22,ee:44:0e:cf:a0:85
22,ee:44:0e:cf:a0:85
22,52:19:dc:a7:0e:48
22,52:19:dc:a7:0e:48
22,02:9e:52:3d:4c:82
22,02:9e:52:3d:4c:82
2,e6:4f:08:74:4e:bb
4,5a:1b:05:7c:08:86
4,5a:1b:05:7c:08:86
22,82:ad:21:15:fa:36
22,82:ad:21:15:fa:36
22,0e:d5:ec:41:48:66
22,0e:d5:ec:41:48:66
22,f2:38:a9:61:f9:78
22,f2:38:a9:61:f9:78
7,26:d4:20:34:5e:95
22,fa:59:25:99:32:33
22,fa:59:25:99:32:33
22,3a:9a:9a:c2:93:c6
22,3a:9a:9a:c2:93:c6
22,6e:29:00:11:1a:c4
22,6e:29:00:11:1a:c4
3,62:c9:8e:44:91:ac
3,62:c9:8e:44:91:ac
3,62:c9:8e:44:91:ac
3,62:c9:8e:44:91:ac
3,62:c9:8e:44:91:ac
22,4e:9f:86:b9:6b:5e
22,e2:3e:d3:a8:92:f0
22,e2:3e:d3:a8:92:f0
22,de:42:11:5f:cf:69
22,de:42:11:5f:cf:69
22,a2:96:7f:2b:ae:bf
22,a2:96:7f:2b:ae:bf
22,7a:db:10:1e:40:62
22,7a:db:10:1e:40:62
22,16:e5:17:c0:f9:99
22,16:e5:17:c0:f9:99
22,92:fb:79:fc:0f:4e
22,92:fb:79:fc:0f:4e
14,1e:74:1a:bc:dd:a7
14,1e:74:1a:bc:dd:a7
14,1e:74:1a:bc:dd:a7
14,1e:74:1a:bc:dd:a7
14,1e:74:1a:bc:dd:a7
14,1e:74:1a:bc:dd:a7
14,1e:74:1a:bc:dd:a7
19,2a:fc:7b:1a:9a:c3
19,2a:fc:7b:1a:9a:c3
19,2a:fc:7b:1a:9a:c3
19,2a:fc:7b:1a:9a:c3
4,76:42:12:2f:71:50
4,76:42:12:2f:71:50
4,76:42:12:2f:71:50
4,76:42:12:2f:71:50
4,76:42:12:2f:71:50
4,76:42:12:2f:71:50
4,2e:48:dc:c2:0c:c8
4,2e:48:dc:c2:0c:c8
4,2e:48:dc:c2:0c:c8
4,2e:48:dc:c2:0c:c8
4,2e:48:dc:c2:0c:c8
4,2e:48:dc:c2:0c:c8
4,76:bb:30:88:a1:65
4,76:bb:30:88:a1:65
4,76:bb:30:88:a1:65
4,76:bb:30:88:a1:65
4,76:bb:30:88:a1:65
4,76:bb:30:88:a1:65
4,76:bb:30:88:a1:65
4,76:bb:30:88:a1:65
4,76:bb:30:88:a1:65
4,76:bb:30:88:a1:65
4,76:bb:30:88:a1:65
4,76:bb:30:88:a1:65
4,76:bb:30:88:a1:65
4,76:bb:30:88:a1:65
4,76:bb:30:88:a1:65
4,76:bb:30:88:a1:65
4,76:bb:30:88:a1:65
4,76:bb:30:88:a1:65
4,76:bb:30:88:a1:65
4,76:bb:30:88:a1:65
4,76:bb:30:88:a1:65
4,76:bb:30:88:a1:65
4,76:bb:30:88:a1:65
4,76:bb:30:88:a1:65
11,22:76:e0:38:10:d2
11,22:76:e0:38:10:d2
11,22:76:e0:38:10:d2
11,22:76:e0:38:10:d2
11,22:76:e0:38:10:d2
11,22:76:e0:38:10:d2
7,9a:3e:c0:66:4a:6f
7,9a:3e:c0:66:4a:6f
7,ee:5f:cb:f6:32:eb
7,ee:5f:cb:f6:32:eb
7,72:6b:bf:50:4b:7a
7,72:6b:bf:50:4b:7a
2,26:ad:42:19:bf:6f
2,26:ad:42:19:bf:6f
1,02:cb:11:0d:b1:4e
1,02:cb:11:0d:b1:4e
1,02:cb:11:0d:b1:4e
1,02:cb:11:0d:b1:4e
1,02:cb:11:0d:b1:4e
1,02:cb:11:0d:b1:4e
20,12:31:cd:f2:50:ea
23,02:69:1d:58:5a:59
7,c2:73:a7:63:51:16
7,c2:73:a7:63:51:16
25,02:00:00:00:00:00
25,02:00:00:00:00:00
25,02:00:00:00:00:00
25,02:00:00:00:00:00
25,02:00:00:00:00:00
25,02:00:00:00:00:00
4,9e:a3:dd:09:83:c7
4,9e:a3:dd:09:83:c7
22,8e:a6:d7:22:53:f5
22,8e:a6:d7:22:53:f5
22,1e:ed:dd:70:50:3c
22,1e:ed:dd:70:50:3c
22,2a:c2:61:c5:ce:11
22,2a:c2:61:c5:ce:11
21,36:dd:c8:6b:14:0a
21,36:dd:c8:6b:14:0a
21,36:dd:c8:6b:14:0a
4,52:d5:44:0f:40:23
4,52:d5:44:0f:40:23
4,52:d5:44:0f:40:23
4,52:d5:44:0f:40:23
4,52:d5:44:0f:40:23
4,52:d5:44:0f:40:23
4,ae:74:96:28:af:98
4,ae:74:96:28:af:98
4,ae:74:96:28:af:98
4,ae:74:96:28:af:98
4,ae:74:96:28:af:98
4,ae:74:96:28:af:98
4,52:15:af:97:ce:b3
4,52:15:af:97:ce:b3
4,52:15:af:97:ce:b3
4,52:15:af:97:ce:b3
4,52:15:af:97:ce:b3
4,66:2f:6b:26:87:0a
4,66:2f:6b:26:87:0a
4,66:2f:6b:26:87:0a
4,66:2f:6b:26:87:0a
4,66:2f:6b:26:87:0a
4,66:2f:6b:26:87:0a
4,66:2f:6b:26:87:0a
4,66:2f:6b:26:87:0a
4,66:2f:6b:26:87:0a
4,66:2f:6b:26:87:0a
4,66:2f:6b:26:87:0a
4,66:2f:6b:26:87:0a
4,66:2f:6b:26:87:0a
4,66:2f:6b:26:87:0a
4,66:2f:6b:26:87:0a
4,66:2f:6b:26:87:0a
4,66:2f:6b:26:87:0a
4,66:2f:6b:26:87:0a
4,66:2f:6b:26:87:0a
4,66:2f:6b:26:87:0a
4,66:2f:6b:26:87:0a
4,66:2f:6b:26:87:0a
4,66:2f:6b:26:87:0a
4,66:2f:6b:26:87:0a
4,66:2f:6b:26:87:0a
22,96:56:d5:22:a0:08
22,96:56:d5:22:a0:08
22,ee:3f:8b:21:a6:37
22,ee:3f:8b:21:a6:37
22,be:46:df:5a:57:7e
22,be:46:df:5a:57:7e
7,76:48:53:4a:05:96
22,c2:00:ae:c6:f5:23
22,c2:00:ae:c6:f5:23
22,16:44:d9:66:f3:3e
22,16:44:d9:66:f3:3e
22,8e:22:94:f6:75:56
22,8e:22:94:f6:75:56
22,4a:85:cc:01:6c:b4
22,4a:85:cc:01:6c:b4
22,5a:2f:0c:af:18:7e
22,5a:2f:0c:af:18:7e
22,0a:c4:da:5d:0c:0d
22,be:70:56:4b:7a:a5
22,be:70:56:4b:7a:a5
8,62:f2:66:d1:73:28
8,62:f2:66:d1:73:28
22,36:2c:0c:48:29:d0
22,36:2c:0c:48:29:d0
22,5e:83:0e:10:a4:30
22,5e:83:0e:10:a4:30
22,fe:65:96:0c:0c:52
22,fe:65:96:0c:0c:52
22,ea:63:ed:76:4a:88
22,ea:63:ed:76:4a:88
22,02:b8:33:24:4b:a7
22,02:b8:33:24:4b:a7
22,6a:7d:ce:4f:ce:cc
22,6a:7d:ce:4f:ce:cc
22,fe:9d:55:a5:9f:4a
22,fe:9d:55:a5:9f:4a
22,f6:b8:40:47:3e:4a
22,f6:b8:40:47:3e:4a
3,5a:eb:a1:67:37:97
3,5a:eb:a1:67:37:97
3,5a:eb:a1:67:37:97
22,1e:4a:50:e1:48:fb
22,1e:4a:50:e1:48:fb
22,fa:91:68:38:e5:f9
22,fa:91:68:38:e5:f9
22,4e:85:52:74:1f:44
22,4e:85:52:74:1f:44
2,be:7f:78:a2:3d:65
2,be:7f:78:a2:3d:65
22,56:3e:ff:7b:07:3a
22,56:3e:ff:7b:07:3a
14,c6:4a:1f:c8:a4:88
14,c6:4a:1f:c8:a4:88
14,c6:4a:1f:c8:a4:88
14,c6:4a:1f:c8:a4:88
14,c6:4a:1f:c8:a4:88
14,c6:4a:1f:c8:a4:88
14,c6:4a:1f:c8:a4:88
11,ea:b1:ab:02:38:c6
11,ea:b1:ab:02:38:c6
11,ea:b1:ab:02:38:c6
11,ea:b1:ab:02:38:c6
11,ea:b1:ab:02:38:c6
20,56:a7:11:81:a5:9c
20,56:a7:11:81:a5:9c
22,86:89:9c:aa:66:43
22,86:89:9c:aa:66:43
22,b2:c1:65:c1:9f:e1
23,56:2d:18:ff:5c:a0
22,b2:c1:65:c1:9f:e1
23,56:2d:18:ff:5c:a0
22,12:8a:54:a7:f6:e6
22,12:8a:54:a7:f6:e6
22,92:f3:b2:f1:da:59
22,92:f3:b2:f1:da:59
22,fa:9d:c7:cd:c5:73
22,fa:9d:c7:cd:c5:73
22,2a:77:ea:f0:7e:3f
22,2a:77:ea:f0:7e:3f
22,fa:4d:08:e9:84:c1
22,fa:4d:08:e9:84:c1
22,f6:64:d9:4f:0d:59
22,f6:64:d9:4f:0d:59
22,a6:94:04:61:6f:40
22,a6:94:04:61:6f:40
8,7e:60:82:f4:a1:cf
8,7e:60:82:f4:a1:cf
8,72:a7:c0:18:9b:f8
8,72:a7:c0:18:9b:f8
8,e6:f9:c0:a8:a1:0e
22,8e:d3:db:ab:f4:78
22,8e:d3:db:ab:f4:78
22,5e:fb:64:07:e7:50
22,5e:fb:64:07:e7:50
22,a2:52:dc:ce:d6:40
22,a2:52:dc:ce:d6:40
1,02:6e:3a:66:be:70
1,02:6e:3a:66:be:70
1,02:6e:3a:66:be:70
1,02:6e:3a:66:be:70
1,02:6e:3a:66:be:70
1,02:6e:3a:66:be:70
22,8e:52:19:72:46:7e
22,8e:52:19:72:46:7e
13,78:62:56:e1:d9:6e
13,78:62:56:e1:d9:6e
13,78:62:56:e1:d9:6e
13,78:62:56:e1:d9:6e
13,78:62:56:e1:d9:6e
13,78:62:56:e1:d9:6e
13,78:62:56:e1:d9:6e
13,78:62:56:e1:d9:6e
13,78:62:56:e1:d9:6e
22,3e:38:d5:cb:85:37
22,3e:38:d5:cb:85:37
22,1a:2e:bd:b4:fa:40
22,1a:2e:bd:b4:fa:40
22,e2:f6:3f:db:02:0d
22,e2:f6:3f:db:02:0d
22,0a:04:45:19:bd:eb
22,36:ec:11:82:73:d8
22,36:ec:11:82:73:d8
22,76:ee:30:ca:22:e5
22,76:ee:30:ca:22:e5
11,2a:e9:6f:2e:4e:b0
11,2a:e9:6f:2e:4e:b0
11,2a:e9:6f:2e:4e:b0
11,2a:e9:6f:2e:4e:b0
22,ee:ad:f4:2b:1b:1f
22,ee:ad:f4:2b:1b:1f
22,be:85:d9:98:f8:25
22,be:85:d9:98:f8:25
22,fa:cb:15:ea:57:bd
22,fa:cb:15:ea:57:bd
22,aa:55:40:f7:5e:68
22,aa:55:40:f7:5e:68
22,fa:63:3c:88:96:34
22,fa:63:3c:88:96:34
22,46:75:53:9f:d6:1e
22,46:75:53:9f:d6:1e
21,ce:ab:20:cc:82:05
21,ce:ab:20:cc:82:05
21,ce:ab:20:cc:82:05
7,b2:be:22:57:a5:35
22,9e:44:36:78:02:de
22,9e:44:36:78:02:de
22,da:40:da:18:3a:0c
22,da:40:da:18:3a:0c
22,be:c3:b4:f1:54:7e
22,be:c3:b4:f1:54:7e
22,4a:fb:13:0a:56:44
22,4a:fb:13:0a:56:44
22,f2:e9:6a:09:28:1a
22,f2:e9:6a:09:28:1a
22,9e:4a:f9:1c:85:8d
22,9e:4a:f9:1c:85:8d
22,8e:29:d4:4f:c0:c4
22,8e:29:d4:4f:c0:c4
22,56:bb:63:5e:82:b1
22,56:bb:63:5e:82:b1
22,32:29:1d:24:5f:d6
22,32:29:1d:24:5f:d6
22,c6:e7:bc:7b:36:98
22,c6:e7:bc:7b:36:98
22,72:5b:9e:6d:51:14
22,72:5b:9e:6d:51:14
22,da:12:db:a7:ae:90
22,da:12:db:a7:ae:90
22,22:3b:2b:a9:ec:6a
22,22:3b:2b:a9:ec:6a
22,7a:c6:22:10:87:09
22,7a:c6:22:10:87:09
22,2a:4e:af:1a:16:71
22,2a:4e:af:1a:16:71
22,a6:46:08:de:76:3b
22,a6:46:08:de:76:3b
22,72:9e:10:83:76:0d
22,72:9e:10:83:76:0d
22,26:31:d9:20:43:a1
22,26:31:d9:20:43:a1
2,92:01:d6:2f:6c:a7
2,92:01:d6:2f:6c:a7
22,02:73:6d:61:92:44
22,02:73:6d:61:92:44
22,46:24:6f:9e:ac:df
22,46:24:6f:9e:ac:df
22,3a:25:2f:af:25:82
22,3a:25:2f:af:25:82
13,78:62:56:e1:d9:6e
13,78:62:56:e1:d9:6e
13,78:62:56:e1:d9:6e
13,78:62:56:e1:d9:6e
13,78:62:56:e1:d9:6e
13,78:62:56:e1:d9:6e
3,ae:bf:40:5a:58:7e
3,ae:bf:40:5a:58:7e
25,02:00:00:00:00:00
25,02:00:00:00:00:00
25,02:00:00:00:00:00
25,02:00:00:00:00:00
25,02:00:00:00:00:00
25,02:00:00:00:00:00
14,06:05:ab:b6:e5:b5
14,06:05:ab:b6:e5:b5
14,06:05:ab:b6:e5:b5
14,06:05:ab:b6:e5:b5
14,06:05:ab:b6:e5:b5
14,06:05:ab:b6:e5:b5
14,06:05:ab:b6:e5:b5
4,aa:ee:92:2e:a6:bf
4,aa:ee:92:2e:a6:bf
1,02:ff:bf:84:21:b9
1,02:ff:bf:84:21:b9
1,02:ff:bf:84:21:b9
1,02:ff:bf:84:21:b9
1,02:ff:bf:84:21:b9
1,02:ff:bf:84:21:b9
1,02:ff:bf:84:21:b9
22,42:dd:51:ce:14:1d
22,82:82:6e:84:a9:f0
22,82:82:6e:84:a9:f0
22,fe:9c:fe:d6:4c:43
22,fe:9c:fe:d6:4c:43
22,c2:8d:3d:44:08:a4
22,c2:8d:3d:44:08:a4
22,be:70:ed:4e:da:49
22,be:70:ed:4e:da:49
22,3a:fa:36:1e:52:3b
22,3a:fa:36:1e:52:3b
22,36:76:a3:2e:ff:e5
22,c6:59:18:58:fb:3e
22,c6:59:18:58:fb:3e
22,62:b4:94:0d:d4:53
22,62:b4:94:0d:d4:53
22,06:51:f6:d4:34:db
22,f2:e7:55:50:51:cf
22,f2:e7:55:50:51:cf
22,3a:96:1e:07:1c:d5
22,42:bf:f4:30:96:ca
22,42:bf:f4:30:96:ca
22,a2:a0:dc:d5:5d:63
22,a2:a0:dc:d5:5d:63
22,5a:57:ac:a0:18:ca
22,5a:57:ac:a0:18:ca
4,fa:8d:ac:28:b9:67
4,fa:8d:ac:28:b9:67
4,fa:8d:ac:28:b9:67
4,fa:8d:ac:28:b9:67
4,fa:8d:ac:28:b9:67
4,32:90:62:4a:8e:fc
4,32:90:62:4a:8e:fc
4,32:90:62:4a:8e:fc
4,32:90:62:4a:8e:fc
4,32:90:62:4a:8e:fc
4,32:90:62:4a:8e:fc
4,0a:27:b7:8f:3b:de
4,0a:27:b7:8f:3b:de
4,0a:27:b7:8f:3b:de
4,0a:27:b7:8f:3b:de
4,0a:27:b7:8f:3b:de
4,0a:27:b7:8f:3b:de
4,0a:27:b7:8f:3b:de
4,0a:27:b7:8f:3b:de
4,0a:27:b7:8f:3b:de
4,0a:27:b7:8f:3b:de
4,0a:27:b7:8f:3b:de
4,0a:27:b7:8f:3b:de
4,0a:27:b7:8f:3b:de
4,0a:27:b7:8f:3b:de
4,0a:27:b7:8f:3b:de
4,0a:27:b7:8f:3b:de
4,0a:27:b7:8f:3b:de
4,0a:27:b7:8f:3b:de
4,0a:27:b7:8f:3b:de
4,0a:27:b7:8f:3b:de
4,0a:27:b7:8f:3b:de
4,0a:27:b7:8f:3b:de
4,0a:27:b7:8f:3b:de
4,0a:27:b7:8f:3b:de
4,0a:27:b7:8f:3b:de
22,12:2b:2a:c1:16:57
22,12:2b:2a:c1:16:57
22,2a:5f:0e:a3:31:59
22,2a:5f:0e:a3:31:59
22,5e:84:b2:ee:fe:7b
22,5e:84:b2:ee:fe:7b
22,d6:2f:5f:29:75:71
22,d6:2f:5f:29:75:71
22,ca:17:f1:4e:ed:f3
22,ca:17:f1:4e:ed:f3
22,be:b3:54:26:76:42
22,be:b3:54:26:76:42
22,e6:ac:6f:44:1e:fc
22,e6:ac:6f:44:1e:fc
22,2a:2d:76:95:80:10
22,2a:2d:76:95:80:10
22,12:3c:64:ae:b4:d3
22,12:3c:64:ae:b4:d3
11,26:17:f7:bd:eb:7e
11,26:17:f7:bd:eb:7e
11,26:17:f7:bd:eb:7e
11,26:17:f7:bd:eb:7e
11,26:17:f7:bd:eb:7e
11,26:17:f7:bd:eb:7e
22,ce:8d:61:1d:91:b7
22,ce:8d:61:1d:91:b7
22,be:5b:e9:4c:4e:70
22,be:5b:e9:4c:4e:70
22,92:0c:11:8a:26:5d
22,92:0c:11:8a:26:5d
22,7e:18:6c:b9:a9:74
22,7e:18:6c:b9:a9:74
22,4a:da:6e:28:dd:b4
22,4a:da:6e:28:dd:b4
22,22:c6:6c:c7:bb:c9
22,22:c6:6c:c7:bb:c9
2,d2:c7:e9:77:f0:6c
2,d2:c7:e9:77:f0:6c
22,aa:bf:ce:cc:fb:8b
22,aa:bf:ce:cc:fb:8b
22,6a:68:3a:11:64:8c
22,6a:68:3a:11:64:8c
22,56:cb:5f:cb:93:eb
22,3a:fa:5f:e5:bf:a5
22,3a:fa:5f:e5:bf:a5
22,be:74:78:ce:a5:cb
22,be:74:78:ce:a5:cb
22,3e:37:e4:5e:3e:ad
22,3e:37:e4:5e:3e:ad
21,3a:d9:01:8b:83:06
21,3a:d9:01:8b:83:06
21,3a:d9:01:8b:83:06
21,3a:d9:01:8b:83:06
22,ae:6d:16:aa:4e:8f
22,ae:6d:16:aa:4e:8f
22,2e:90:47:2f:cf:70
22,2e:90:47:2f:cf:70
22,56:fa:73:1d:5a:9c
22,56:fa:73:1d:5a:9c
20,1e:50:86:23:66:c5
20,1e:50:86:23:66:c5
23,d2:79:28:88:0d:e1
8,da:ad:4d:40:0a:77
8,da:ad:4d:40:0a:77
22,ae:ed:1c:0f:b1:b3
22,ae:ed:1c:0f:b1:b3
22,32:50:ff:da:55:41
22,32:50:ff:da:55:41
22,da:e4:9a:bb:8f:19
22,da:e4:9a:bb:8f:19
22,1a:67:6e:e8:d3:fb
22,1a:67:6e:e8:d3:fb
22,4e:ce:71:db:13:5f
22,4e:ce:71:db:13:5f
22,02:64:b0:61:28:32
22,02:64:b0:61:28:32
22,46:51:13:64:da:2a
22,46:51:13:64:da:2a
22,f2:9b:21:79:f3:03
22,f2:9b:21:79:f3:03
22,06:9d:e7:75:30:b6
22,06:9d:e7:75:30:b6
2,fa:09:71:ea:20:be
7,3a:13:fd:2d:8c:8a
7,66:62:31:b3:6f:31
7,e6:6f:1d:4e:5e:5b
22,b2:e8:5d:eb:cf:df
22,b2:e8:5d:eb:cf:df
22,ba:4e:37:1a:66:3e
22,ba:4e:37:1a:66:3e
22,4a:2c:75:92:5a:8a
22,4a:2c:75:92:5a:8a
7,4e:b3:f1:b4:eb:47
7,4e:b3:f1:b4:eb:47
19,e2:27:90:33:b5:bf
19,e2:27:90:33:b5:bf
19,e2:27:90:33:b5:bf
19,e2:27:90:33:b5:bf
19,e2:27:90:33:b5:bf
22,c6:20:27:ae:31:2c
22,c6:20:27:ae:31:2c
22,56:71:53:13:23:de
22,7a:3f:84:c0:cc:fe
22,7a:3f:84:c0:cc:fe
14,7e:79:c3:9e:40:21
14,7e:79:c3:9e:40:21
14,7e:79:c3:9e:40:21
14,7e:79:c3:9e:40:21
14,7e:79:c3:9e:40:21
14,7e:79:c3:9e:40:21
14,7e:79:c3:9e:40:21
3,2e:d7:37:da:db:5b
3,2e:d7:37:da:db:5b
3,2e:d7:37:da:db:5b
22,aa:26:5f:3f:ac:cd
22,d6:1e:7c:0c:ce:4d
22,d6:1e:7c:0c:ce:4d
13,78:62:56:e1:d9:6e
22,7e:aa:73:3c:1d:24
22,7e:aa:73:3c:1d:24
13,78:62:56:e1:d9:6e
22,de:6d:8d:e0:2e:83
22,de:6d:8d:e0:2e:83
22,be:cb:fd:91:a8:8a
22,be:cb:fd:91:a8:8a
13,78:62:56:e1:d9:6e
13,78:62:56:e1:d9:6e
1,02:b8:69:2f:1e:63
1,02:b8:69:2f:1e:63
1,02:b8:69:2f:1e:63
1,02:b8:69:2f:1e:63
1,02:b8:69:2f:1e:63
1,02:b8:69:2f:1e:63
22,9a:68:87:1f:6a:cd
22,9a:68:87:1f:6a:cd
22,16:65:3e:e3:33:be
22,16:65:3e:e3:33:be
22,d6:dd:f0:40:d5:30
22,d6:dd:f0:40:d5:30
22,82:7a:25:ef:76:2b
22,82:7a:25:ef:76:2b
22,ca:e4:56:f8:41:47
22,ca:e4:56:f8:41:47
22,2a:28:88:93:a2:30
22,2a:28:88:93:a2:30
22,2a:39:fd:e9:36:bd
22,22:fb:85:84:17:de
22,22:fb:85:84:17:de
22,2a:24:dc:96:1e:36
22,2a:24:dc:96:1e:36
2,62:30:e2:db:50:49
2,62:30:e2:db:50:49
22,8a:dc:83:39:0a:e8
22,8a:dc:83:39:0a:e8
22,8a:ab:b3:2b:6e:35
22,8a:ab:b3:2b:6e:35
22,ce:46:94:8b:2f:2a
22,ce:46:94:8b:2f:2a
22,8e:1e:70:55:4f:36
22,8e:1e:70:55:4f:36
22,d6:8c:38:2e:3b:56
22,d6:8c:38:2e:3b:56
22,12:2d:97:28:6a:df
22,12:2d:97:28:6a:df
22,76:62:aa:90:92:41
22,76:62:aa:90:92:41
22,ae:b6:b3:91:46:4c
22,ae:b6:b3:91:46:4c
22,66:e4:b4:67:1b:36
22,66:e4:b4:67:1b:36
22,2a:d4:74:a0:73:62
22,2a:d4:74:a0:73:62
22,ee:7d:45:c2:28:4c
22,ee:7d:45:c2:28:4c
11,26:c4:9c:6e:e8:1a
11,26:c4:9c:6e:e8:1a
22,96:9e:f6:87:a4:93
11,26:c4:9c:6e:e8:1a
22,96:9e:f6:87:a4:93
11,26:c4:9c:6e:e8:1a
19,52:51:97:59:75:7a
19,52:51:97:59:75:7a
19,52:51:97:59:75:7a
19,52:51:97:59:75:7a
22,1a:38:54:0f:72:07
22,1a:38:54:0f:72:07
22,1e:86:77:33:11:36
22,1e:86:77:33:11:36
25,02:00:00:00:00:00
22,be:3e:9d:39:e4:03
22,be:3e:9d:39:e4:03
25,02:00:00:00:00:00
25,02:00:00:00:00:00
25,02:00:00:00:00:00
25,02:00:00:00:00:00
25,02:00:00:00:00:00
25,02:00:00:00:00:00
25,02:00:00:00:00:00
25,02:00:00:00:00:00
4,9e:e6:1e:b0:74:a3
4,9e:e6:1e:b0:74:a3
22,ca:e2:ec:0c:a7:1e
22,ca:e2:ec:0c:a7:1e
22,b2:ba:79:d3:45:d3
22,b2:ba:79:d3:45:d3
22,b2:1c:f8:49:7c:e1
21,3a:a0:40:40:a4:7f
21,3a:a0:40:40:a4:7f
21,3a:a0:40:40:a4:7f
22,56:6c:a0:c7:83:06
22,56:6c:a0:c7:83:06
22,e2:70:06:6c:b5:25
22,e2:70:06:6c:b5:25
3,8a:0f:19:0b:10:a7
3,8a:0f:19:0b:10:a7
22,4a:9b:77:db:6d:46
22,4a:9b:77:db:6d:46
3,8a:0f:19:0b:10:a7
7,c2:a2:ed:45:a2:2e
7,c2:a2:ed:45:a2:2e
22,b6:dd:84:e8:69:b7
22,b6:dd:84:e8:69:b7
3,8a:0f:19:0b:10:a7
22,46:7c:f5:7b:dd:8e
22,46:7c:f5:7b:dd:8e
22,fe:14:38:d9:20:14
22,fe:14:38:d9:20:14
22,26:41:36:93:96:df
22,26:41:36:93:96:df
22,e2:43:fc:30:e3:85
22,e2:43:fc:30:e3:85
22,06:a1:87:f5:a6:1d
22,06:a1:87:f5:a6:1d
22,e2:b1:25:91:6d:4f
22,e2:b1:25:91:6d:4f
22,8a:d4:d3:d6:5a:5a
22,8a:d4:d3:d6:5a:5a
22,6a:f4:02:89:bd:43
22,6a:f4:02:89:bd:43
22,ee:88:15:43:ed:5e
22,ee:88:15:43:ed:5e
22,e2:fc:92:c0:e3:cb
22,e2:fc:92:c0:e3:cb
22,6a:52:3d:8e:6a:24
22,6a:52:3d:8e:6a:24
7,b2:9b:e4:d1:a9:91
7,b2:9b:e4:d1:a9:91
4,3a:4a:00:9d:40:f5
4,3a:4a:00:9d:40:f5
4,3a:4a:00:9d:40:f5
4,3a:4a:00:9d:40:f5
4,3a:4a:00:9d:40:f5
4,3a:4a:00:9d:40:f5
4,e6:90:bc:ce:d8:3c
4,e6:90:bc:ce:d8:3c
4,e6:90:bc:ce:d8:3c
4,e6:90:bc:ce:d8:3c
4,e6:90:bc:ce:d8:3c
4,e6:90:bc:ce:d8:3c
4,ee:6e:17:3d:0a:38
4,ee:6e:17:3d:0a:38
4,ee:6e:17:3d:0a:38
4,ee:6e:17:3d:0a:38
4,ee:6e:17:3d:0a:38
4,ee:6e:17:3d:0a:38
4,e6:ef:66:fa:6e:48
4,e6:ef:66:fa:6e:48
4,e6:ef:66:fa:6e:48
4,e6:ef:66:fa:6e:48
4,e6:ef:66:fa:6e:48
4,e6:ef:66:fa:6e:48
4,e6:ef:66:fa:6e:48
4,e6:ef:66:fa:6e:48
4,e6:ef:66:fa:6e:48
4,e6:ef:66:fa:6e:48
4,e6:ef:66:fa:6e:48
4,e6:ef:66:fa:6e:48
4,e6:ef:66:fa:6e:48
4,e6:ef:66:fa:6e:48
4,e6:ef:66:fa:6e:48
4,e6:ef:66:fa:6e:48
4,e6:ef:66:fa:6e:48
4,e6:ef:66:fa:6e:48
4,e6:ef:66:fa:6e:48
4,e6:ef:66:fa:6e:48
4,e6:ef:66:fa:6e:48
4,e6:ef:66:fa:6e:48
4,e6:ef:66:fa:6e:48
4,e6:ef:66:fa:6e:48
4,e6:ef:66:fa:6e:48
4,e6:ef:66:fa:6e:48
4,e6:ef:66:fa:6e:48
4,e6:ef:66:fa:6e:48
1,02:00:0f:1e:51:6a
1,02:00:0f:1e:51:6a
1,02:00:0f:1e:51:6a
1,02:00:0f:1e:51:6a
1,02:00:0f:1e:51:6a
1,02:00:0f:1e:51:6a
22,d2:3e:21:1c:e6:2f
22,d2:3e:21:1c:e6:2f
22,16:a7:ab:e4:95:3e
22,16:a7:ab:e4:95:3e
22,de:f1:94:09:9c:bb
22,de:f1:94:09:9c:bb
22,be:fd:96:7e:f3:38
22,be:fd:96:7e:f3:38
22,ca:ec:6a:3f:f2:9a
22,ca:ec:6a:3f:f2:9a
22,c6:90:c6:ed:b9:22
22,c6:90:c6:ed:b9:22
22,5a:d7:4c:d9:23:fd
22,3e:37:b9:1b:87:96
22,3e:37:b9:1b:87:96
22,26:bb:a6:1c:ac:08
22,26:bb:a6:1c:ac:08
14,72:fe:05:6c:e1:c8
14,72:fe:05:6c:e1:c8
14,72:fe:05:6c:e1:c8
14,72:fe:05:6c:e1:c8
14,72:fe:05:6c:e1:c8
14,72:fe:05:6c:e1:c8
14,72:fe:05:6c:e1:c8
22,76:69:81:63:74:6c
22,76:69:81:63:74:6c
22,12:95:aa:83:51:7a
22,12:95:aa:83:51:7a
22,0a:76:fa:e9:85:07
22,0a:76:fa:e9:85:07
20,9e:d4:6b:6a:02:9c
20,9e:d4:6b:6a:02:9c
20,9e:d4:6b:6a:02:9c
23,c6:e3:bf:22:49:80
22,3e:4d:e5:d3:c3:ae
22,2e:8d:70:b7:9d:9a
22,2e:8d:70:b7:9d:9a
22,9a:7e:a8:80:5d:5b
22,f2:3a:94:eb:74:10
22,f2:3a:94:eb:74:10
22,1e:a4:06:f2:cf:5c
22,1e:a4:06:f2:cf:5c
22,9a:5e:e0:67:62:4b
22,9a:5e:e0:67:62:4b
22,1a:9c:31:79:7e:d4
22,1a:9c:31:79:7e:d4
22,d2:1f:59:a6:74:5b
22,d2:1f:59:a6:74:5b
22,2e:61:3d:8e:e4:33
22,2e:61:3d:8e:e4:33
22,e2:fe:52:ac:52:9a
22,e2:fe:52:ac:52:9a
22,be:f3:16:63:f8:d4
22,be:f3:16:63:f8:d4
22,2e:3b:c6:30:0a:76
22,2e:3b:c6:30:0a:76
25,02:00:00:00:00:00
25,02:00:00:00:00:00
25,02:00:00:00:00:00
25,02:00:00:00:00:00
25,02:00:00:00:00:00
25,02:00:00:00:00:00
25,02:00:00:00:00:00
25,02:00:00:00:00:00
25,02:00:00:00:00:00
22,da:e0:6d:6d:92:c2
22,da:e0:6d:6d:92:c2
22,b2:fd:09:e1:cb:ef
22,b2:fd:09:e1:cb:ef
22,ee:d3:5c:39:e0:85
22,ee:d3:5c:39:e0:85
22,56:86:62:b7:4a:ae
22,56:86:62:b7:4a:ae
22,42:5a:e0:2d:1a:74
22,42:5a:e0:2d:1a:74
22,d2:29:74:35:59:df
22,d2:29:74:35:59:df
21,ea:82:7f:89:cc:08
21,ea:82:7f:89:cc:08
21,ea:82:7f:89:cc:08
21,ea:82:7f:89:cc:08
8,2e:e6:f2:77:76:49
8,2e:e6:f2:77:76:49
3,9e:5f:bc:21:44:fe
3,9e:5f:bc:21:44:fe
13,78:62:56:e1:d9:6e
13,78:62:56:e1:d9:6e
13,78:62:56:e1:d9:6e
13,78:62:56:e1:d9:6e
13,78:62:56:e1:d9:6e
13,78:62:56:e1:d9:6e
13,78:62:56:e1:d9:6e
13,78:62:56:e1:d9:6e
13,78:62:56:e1:d9:6e
7,ca:8c:88:b3:5d:49
7,ca:8c:88:b3:5d:49
11,92:52:e8:ad:a4:5a
11,92:52:e8:ad:a4:5a
11,92:52:e8:ad:a4:5a
11,92:52:e8:ad:a4:5a
11,92:52:e8:ad:a4:5a
22,96:28:1e:30:0f:22
1,02:d3:8b:d5:e8:de
1,02:d3:8b:d5:e8:de
1,02:d3:8b:d5:e8:de
1,02:d3:8b:d5:e8:de
1,02:d3:8b:d5:e8:de
1,02:d3:8b:d5:e8:de
4,3e:4e:85:d7:a2:70
4,3e:4e:85:d7:a2:70
2,92:b5:69:b6:8a:8c
2,92:b5:69:b6:8a:8c
7,7e:a9:c3:87:42:4b
7,7e:a9:c3:87:42:4b
7,16:5d:42:c0:0b:37
7,16:5d:42:c0:0b:37
7,6e:67:a2:22:60:b5
7,6e:67:a2:22:60:b5
7,e2:dc:49:7e:d1:5d
7,e2:dc:49:7e:d1:5d
25,02:00:00:00:00:00
25,02:00:00:00:00:00
25,02:00:00:00:00:00
25,02:00:00:00:00:00
25,02:00:00:00:00:00
25,02:00:00:00:00:00
3,12:03:63:92:1f:39
3,12:03:63:92:1f:39
3,12:03:63:92:1f:39
22,fe:a1:fd:83:b7:a8
22,fe:a1:fd:83:b7:a8
22,06:bf:3e:cf:94:52
22,06:bf:3e:cf:94:52
22,ee:5e:c1:43:a6:26
22,ee:5e:c1:43:a6:26
22,36:85:35:1c:44:6a
22,36:85:35:1c:44:6a
22,b2:5e:e8:f8:84:31
22,b2:5e:e8:f8:84:31
22,a2:fe:d6:b2:7a:d7
22,a2:fe:d6:b2:7a:d7
20,66:26:c5:2a:3a:da
20,66:26:c5:2a:3a:da
22,8a:26:45:02:cc:e2
22,8a:26:45:02:cc:e2
22,b2:9d:98:4c:13:1b
22,b2:9d:98:4c:13:1b
22,02:61:5a:96:62:24
22,02:61:5a:96:62:24
4,82:8a:ab:b8:49:e2
4,82:8a:ab:b8:49:e2
4,82:8a:ab:b8:49:e2
4,82:8a:ab:b8:49:e2
4,82:8a:ab:b8:49:e2
4,82:8a:ab:b8:49:e2
23,86:99:87:47:60:61
22,4a:3a:ec:8a:d4:4a
22,4a:3a:ec:8a:d4:4a
22,f2:16:ab:b8:62:eb
22,f2:16:ab:b8:62:eb
22,6a:3d:49:94:2f:db
22,6a:3d:49:94:2f:db
22,4a:58:c0:e3:e3:0c
22,4a:58:c0:e3:e3:0c
22,96:7c:08:e1:49:bd
22,96:7c:08:e1:49:bd
22,66:8c:bd:c1:4e:f0
22,66:8c:bd:c1:4e:f0
22,ce:19:ea:8d:d7:a3
22,ce:19:ea:8d:d7:a3
22,4a:4d:e2:86:98:9d
22,4a:4d:e2:86:98:9d
22,82:49:a5:f9:83:16
22,82:49:a5:f9:83:16
22,86:a0:d7:17:2c:a5
22,86:a0:d7:17:2c:a5
22,d6:2b:22:1f:1f:0a
22,d6:2b:22:1f:1f:0a
22,8a:46:a8:ad:a7:33
22,8a:46:a8:ad:a7:33
22,ae:09:f0:26:f0:c9
22,ae:09:f0:26:f0:c9
22,3e:a2:4b:2a:25:d7
22,3e:a2:4b:2a:25:d7
22,ea:d7:72:55:2f:e1
22,ea:d7:72:55:2f:e1
22,76:e1:e6:b2:b1:f3
22,76:e1:e6:b2:b1:f3
22,ea:2b:f1:3d:56:fc
22,ea:2b:f1:3d:56:fc
22,be:c3:b8:01:74:40
22,be:c3:b8:01:74:40
22,42:7f:b7:2d:b2:cf
22,42:7f:b7:2d:b2:cf
22,f6:a7:58:d7:95:4b
22,f6:a7:58:d7:95:4b
22,4e:2e:40:2b:d8:f0
22,4e:2e:40:2b:d8:f0
22,36:1c:34:63:5a:d0
22,36:1c:34:63:5a:d0
22,72:9f:03:d2:b9:29
22,6a:52:0c:6f:2b:f5
22,6a:52:0c:6f:2b:f5
22,ca:ef:29:17:b3:f7
22,ca:ef:29:17:b3:f7
22,8e:26:ea:ed:4f:85
22,8e:26:ea:ed:4f:85
22,9e:12:7a:4a:68:50
22,9e:12:7a:4a:68:50
22,26:5a:cf:4f:16:30
22,26:5a:cf:4f:16:30
22,a2:0c:fd:06:2c:13
22,a2:0c:fd:06:2c:13
22,4e:70:9d:7a:02:16
22,4e:70:9d:7a:02:16
22,fe:fc:aa:d1:89:d1
22,fe:fc:aa:d1:89:d1
22,56:25:45:d4:82:5a
22,56:25:45:d4:82:5a
22,8e:d3:71:4a:28:79
22,8e:d3:71:4a:28:79
22,36:f1:a4:89:f9:f0
22,36:f1:a4:89:f9:f0
22,0a:fe:8b:a1:df:7f
22,0a:fe:8b:a1:df:7f
